OBJECTID *,Shape *,FID_points,FID_points,osm_id,name,barrier,highway,ref,address,is_in,place,man_made,other_tags,lat,lon,FID_points_divided_MinimumBoundi1,FID_DatasetlSVISam_MinimumBoundi
1,点,379,1070,4849961239,7-Eleven, , , , , , , ,"addr:country=>""HK"",""addr:housenumber""=>""8-10"",""addr:street""=>""漢口道 Hankow Road"",""addr:unit""=>""A"",""brand""=>""7-Eleven"",""brand:wikidata""=>""Q259340"",""brand:wikipedia""=>""en:7-Eleven"",""check_date""=>""2024-05-19"",""level""=>""0"",""name:en""=>""7-Eleven"",""name:z",22.296157,114.171318,1,1
2,点,386,1621,6359877741, , ,traffic_signals, , , , , ,"crossing=>""no"",""traffic_signals""=>""signal""",22.296167,114.170211,1,1
3,点,391,1622,6359877742, , ,traffic_signals, , , , , ,"crossing=>""no"",""traffic_signals""=>""signal""",22.296171,114.170277,1,1
4,点,395,2247,10875906114, , ,elevator,L5, , , , , ,22.29618,114.170504,1,1
5,点,401,930,4848178729,ISA, , , , , , , ,"addr:street=>""彌敦道 Nathan Road"",""shop""=>""clothes""",22.296188,114.172109,1,1
6,点,402,1867,7077478898, , , , , , , , ,"door=>""no"",""entrance""=>""yes"",""gate""=>""yes""",22.29619,114.172165,1,1
7,点,407,648,4159230886,半島酒店 The Peninsula, , ,E, , , , ,"name:en=>""The Peninsula"",""name:zh""=>""半島酒店"",""railway""=>""subway_entrance"",""wheelchair""=>""no""",22.296203,114.172162,1,1
8,点,412,92,1268358716, , , ,L5, , , , ,"railway=>""subway_entrance"",""wheelchair""=>""yes""",22.296212,114.170363,1,1
9,点,417,996,4849781084,永豐環球大藥粧, , , , , , , ,"addr:street=>""北京道 Peking Road"",""shop""=>""chemist""",22.296218,114.170734,1,1
10,点,419,1075,4850025679,ISA, , , , , , , ,"addr:street=>""漢口道 Hankow Road"",""name:en""=>""ISA"",""shop""=>""jewelry""",22.296219,114.171092,1,1
11,点,423,2435,11250049611, , , , , , , , ,"addr:housenumber=>""12-12C"",""addr:street""=>""漢口道 Hankow Road""",22.296228,114.171295,1,1
12,点,424,1489,5418180021, , , , , , , , ,"addr:housenumber=>""27. Room G F16"",""addr:street""=>""彌敦道 Nathan Road"",""leisure""=>""fitness_centre"",""name:en""=>""Hikari Yoga""",22.296228,114.172108,1,1
13,点,428,1001,4849804176,同仁大藥坊 Tung Yan Medicine, , , , , , , ,"addr:street=>""北京道 Peking Road"",""name:en""=>""Tung Yan Medicine"",""name:zh""=>""同仁大藥坊"",""shop""=>""chemist""",22.296233,114.170781,1,1
14,点,431,915,4848098164,Patek Philippe, , , , , , , ,"addr:street=>""彌敦道 Nathan Road"",""brand""=>""Patek Philippe"",""brand:wikidata""=>""Q659096"",""brand:wikipedia""=>""en:Patek Philippe SA"",""shop""=>""watches""",22.296236,114.172445,1,1
15,点,435,1002,4849804177,玉晶堂 Cohen Optical, , , , , , , ,"addr:street=>""北京道 Peking Road"",""name:en""=>""Cohen Optical"",""name:zh""=>""玉晶堂"",""shop""=>""optician""",22.296241,114.170846,1,1
16,点,443,1624,6359877744, , ,traffic_signals, , , , , ,"crossing=>""separate"",""traffic_signals""=>""signal""",22.296251,114.170075,1,1
17,点,445,2248,10875906153, , ,crossing, , , , , ,"crossing=>""traffic_signals""",22.296253,114.170089,1,1
18,点,448,93,1268358720, , ,traffic_signals, , , , , ,"crossing=>""traffic_signals"",""traffic_signals""=>""signal""",22.296256,114.170111,1,1
19,点,449,1069,4849961238,多願韓國護肝寶專門店 Dawon, , , , , , , ,"addr:street=>""漢口道 Hankow Road"",""name:en""=>""Dawon"",""name:zh""=>""多願韓國護肝寶專門店"",""shop""=>""nutrition_supplements""",22.296256,114.171313,1,1
20,点,451,997,4849781085,新港免稅大藥坊, , , , , , , ,"addr:street=>""北京道 Peking Road"",""shop""=>""chemist""",22.296256,114.170991,1,1
21,点,453,2300,10880216051, , ,crossing, , , , , ,"crossing=>""uncontrolled""",22.296257,114.170632,1,1
22,点,456,1003,4849804178,Chester Charles, , , , , , , ,"addr:street=>""北京道 Peking Road"",""disused:shop""=>""clothes""",22.296261,114.171057,1,1
23,点,457,1550,5985217947, , , ,55, , , , ,"colour=>""red"",""emergency""=>""fire_hydrant"",""fire_hydrant:position""=>""sidewalk"",""fire_hydrant:type""=>""pillar""",22.296261,114.171241,1,1
24,点,462,929,4848178728,Swatch, , , , , , , ,"addr:street=>""彌敦道 Nathan Road"",""brand""=>""Swatch"",""brand:wikidata""=>""Q573422"",""brand:wikipedia""=>""en:Swatch"",""shop""=>""watches""",22.296266,114.172106,1,1
25,点,464,1020,4849863690,The Spaghetti House, , , , , , , ,"addr:street=>""漢口道 Hankow Road"",""disused:amenity""=>""restaurant"",""level""=>""1"",""name:zh""=>""意粉屋""",22.29627,114.171335,1,1
26,点,468,1066,4849961235,華苑潮州閣 Wah Yuen Chiuchow Cuisine, , , , , , , ,"addr:street=>""北京道 Peking Road"",""amenity""=>""restaurant"",""level""=>""2"",""name:en""=>""Wah Yuen Chiuchow Cuisine"",""name:zh""=>""華苑潮州閣""",22.296274,114.17139,1,1
27,点,473,1763,6705233532, , ,traffic_signals,K173, , , , , ,22.296282,114.170312,1,1
28,点,478,1068,4849961237,Domi Luxury, , , , , , , ,"addr:street=>""北京道 Peking Road"",""second_hand""=>""yes"",""shop""=>""bag""",22.29629,114.171362,1,1
29,点,484,1067,4849961236,New Grand, , , , , , , ,"addr:street=>""北京道 Peking Road"",""shop""=>""jewelry""",22.296296,114.17141,1,1
30,点,486,2307,10880216116, , ,crossing, , , , , ,"crossing=>""traffic_signals""",22.2963,114.170497,1,1
31,点,488,1065,4849961234,華仁堂 Hah Yan Tong, , , , , , , ,"addr:street=>""北京道 Peking Road"",""name:en""=>""Hah Yan Tong"",""name:zh""=>""華仁堂"",""shop""=>""chemist""",22.296301,114.171453,1,1
32,点,489,2261,10875906378, , , , , , , , ,"entrance=>""yes""",22.296302,114.16998,1,1
33,点,491,1486,5358797021,Jollibee, , , , , , , ,"addr:street=>""北京道 Peking Road"",""amenity""=>""fast_food"",""branch""=>""Peking Road"",""brand""=>""Jollibee"",""brand:wikidata""=>""Q37614"",""brand:wikipedia""=>""en:Jollibee"",""cuisine""=>""burger"",""name:en""=>""Jollibee"",""name:zh""=>""快樂蜂"",""takeaway""=>""yes""",22.296306,114.171492,1,1
34,点,496,1064,4849961233,佐丹奴 Giordano, , , , , , , ,"addr:street=>""北京道 Peking Road"",""brand""=>""佐丹奴 Giordano"",""brand:en""=>""Giordano"",""brand:wikidata""=>""Q4115012"",""brand:zh""=>""佐丹奴"",""name:en""=>""Giordano"",""name:zh""=>""佐丹奴"",""shop""=>""clothes""",22.296314,114.171559,1,1
35,点,497,2434,11250049610, , , , , , , , ,"addr:housenumber=>""53-63"",""addr:street""=>""北京道 Peking Road""",22.296315,114.171389,1,1
36,点,499,1062,4849905361,龍豐 Lung Fung, , , , , , , ,"addr:street=>""北京道 Peking Road"",""name:en""=>""Lung Fung"",""name:zh""=>""龍豐"",""shop""=>""chemist""",22.296319,114.171608,1,1
37,点,503,1755,6705233421, , ,traffic_signals,K288, , , , , ,22.296326,114.171187,1,1
38,点,504,621,4071568089,百佳 PARKnSHOP, , , , , , , ,"brand=>""百佳超級市場 PARKnSHOP"",""brand:en""=>""PARKnSHOP"",""brand:wikidata""=>""Q7138619"",""brand:wikipedia""=>""zh:百佳超級市場"",""brand:zh""=>""百佳超級市場"",""brand:zh-Hans""=>""百佳超級市場"",""brand:zh-Hant""=>""百佳超级市场"",""level""=>",22.296326,114.171667,1,1
39,点,505,48,1106515969,Delaney's Irish Pub, , , , , , , ,"addr:housenumber=>""71-77"",""addr:street""=>""北京道 Peking Road"",""amenity""=>""pub"",""internet_access""=>""wlan"",""level""=>""-1"",""name:en""=>""Delaney's Irish Pub"",""name:ru""=>""Гинес ничего!"",""wheelchair""=>""limited""",22.29633,114.171693,1,1
40,点,506,504,2938367963,Rhine Guest House, , , , , , , ,"addr:door=>""13A1"",""addr:floor""=>""13/F"",""addr:housenumber""=>""36-44"",""addr:street""=>""彌敦道 Nathan Road"",""addr:unit""=>""A"",""level""=>""13"",""tourism""=>""guest_house""",22.296332,114.172456,1,1
41,点,508,800,4754443230,Vans, , , , , , , ,"brand=>""Vans"",""brand:wikidata""=>""Q1135366"",""name:en""=>""Vans"",""shop""=>""shoes""",22.296334,114.172533,1,1
42,点,509,1063,4849905362,bossini, , , , , , , ,"addr:street=>""北京道 Peking Road"",""brand""=>""bossini"",""brand:en""=>""bossini"",""brand:wikidata""=>""Q4035334"",""brand:zh""=>""堡獅龍"",""name:en""=>""bossini"",""name:zh""=>""堡獅龍"",""shop""=>""clothes""",22.296335,114.171739,1,1
43,点,510,1623,6359877743, , ,traffic_signals, , , , , ,"crossing=>""no"",""traffic_signals""=>""signal""",22.296337,114.170281,1,1
44,点,513,824,4835822121,蘭芳園 茶餐廳, , , , , , , ,"addr:housenumber=>""36-44"",""addr:street""=>""彌敦道 Nathan Road"",""addr:unit""=>""A"",""amenity""=>""restaurant"",""name:en""=>""Lan Fong Yuen"",""name:zh""=>""蘭芳園 茶餐廳"",""opening_hours""=>""Mo-Su 10:30-21:30""",22.296347,114.172524,1,1
45,点,515,509,2938367968,Super Guesthouse, , , , , , , ,"addr:door=>""12A5"",""addr:floor""=>""12/F"",""addr:housenumber""=>""36-44"",""addr:street""=>""彌敦道 Nathan Road"",""addr:unit""=>""A"",""level""=>""12"",""tourism""=>""guest_house""",22.296349,114.172455,1,1
46,点,519,2299,10880216047, , ,crossing, , , , , ,"crossing=>""uncontrolled"",""tactile_paving""=>""yes""",22.296355,114.170622,1,1
47,点,521,2526,11542446363, , ,crossing, , , , , ,"button_operated=>""yes"",""crossing""=>""traffic_signals"",""tactile_paving""=>""yes"",""traffic_signals:sound""=>""yes"",""traffic_signals:vibration""=>""yes""",22.296357,114.171225,1,1
48,点,523,1563,6176025486,滬江飯店 Wu Kong Shanghai Restaurant, , , , , , , ,"amenity=>""restaurant"",""cuisine""=>""chinese"",""level""=>""-1"",""name:en""=>""Wu Kong Shanghai Restaurant"",""name:zh""=>""滬江飯店""",22.296364,114.171997,1,1
49,点,524,498,2938367957,New Peking Guesthouse, , , , , , , ,"addr:door=>""12A2"",""addr:floor""=>""12/F"",""addr:housenumber""=>""36-44"",""addr:street""=>""彌敦道 Nathan Road"",""addr:unit""=>""A"",""level""=>""12"",""tourism""=>""guest_house""",22.296365,114.172453,1,1
50,点,525,928,4848178723,龍城藥妝 Lung Shing Medicine, , , , , , , ,"name:en=>""Lung Shing Medicine"",""name:zh""=>""龍城藥妝"",""shop""=>""chemist""",22.296371,114.172063,1,1
51,点,526,112,1649047800, , ,traffic_signals, , , , , , ,22.296374,114.171109,1,1
52,点,528,503,2938367962,Peking Guesthouse, , , , , , , ,"addr:door=>""12A1,6"",""addr:floor""=>""12/F"",""addr:housenumber""=>""36-44"",""addr:street""=>""彌敦道 Nathan Road"",""addr:unit""=>""A"",""level""=>""12"",""tourism""=>""guest_house""",22.29638,114.172452,1,1
53,点,532,49,1158360093, , ,traffic_signals, , , , , , ,22.296391,114.171272,1,1
54,点,534,506,2938367965,Sandhu New UK Hostel, , , , , , , ,"addr:door=>""17A9"",""addr:floor""=>""17/F"",""addr:housenumber""=>""36-44"",""addr:street""=>""彌敦道 Nathan Road"",""addr:unit""=>""A"",""level""=>""17"",""tourism""=>""hostel""",22.296394,114.172603,1,1
55,点,536,505,2938367964,Rhine Guesthouse, , , , , , , ,"addr:door=>""11A8"",""addr:floor""=>""11/F"",""addr:housenumber""=>""36-44"",""addr:street""=>""彌敦道 Nathan Road"",""addr:unit""=>""A"",""level""=>""11"",""tourism""=>""guest_house""",22.296394,114.17245,1,1
56,点,537,1862,7077374177, , ,traffic_signals,K002, , , , ,"crossing=>""separate"",""crossing:separate""=>""traffic_signals"",""junction""=>""separate"",""traffic_signals""=>""signal""",22.2964,114.172204,1,1
57,点,538,2262,10875906379, , , , , , , , ,"entrance=>""yes""",22.296402,114.170049,1,1
58,点,540,2308,10880216123,Foot Locker, , , , , , , ,"addr:housenumber=>""7"",""addr:street""=>""亞士厘道 Ashley Road"",""brand""=>""Foot Locker"",""brand:wikidata""=>""Q63335"",""name:en""=>""Foot Locker"",""shop""=>""shoes""",22.296404,114.170511,1,1
59,点,542,496,2938367955,New International Guesthouse, , , , , , , ,"addr:door=>""11A6-7,9"",""addr:floor""=>""11/F"",""addr:housenumber""=>""36-44"",""addr:street""=>""彌敦道 Nathan Road"",""addr:unit""=>""A"",""level""=>""11"",""tourism""=>""guest_house""",22.296407,114.172449,1,1
60,点,543,2525,11542446362, , ,crossing, , , , , ,"button_operated=>""yes"",""crossing""=>""traffic_signals"",""tactile_paving""=>""yes"",""traffic_signals:sound""=>""yes"",""traffic_signals:vibration""=>""yes""",22.296408,114.171138,1,1
61,点,544,493,2938367952,Kyoto Guesthouse, , , , , , , ,"addr:door=>""15A3,8"",""addr:floor""=>""15/F"",""addr:housenumber""=>""36-44"",""addr:street""=>""彌敦道 Nathan Road"",""addr:unit""=>""A"",""level""=>""15"",""tourism""=>""guest_house""",22.296414,114.172552,1,1
62,点,545,995,4849781083,太子珠寶鐘錶 Prince Jewellery & Watch, , , , , , , ,"addr:street=>""北京道 Peking Road"",""disused:shop""=>""jewelry"",""name:en""=>""Prince Jewellery & Watch"",""name:zh""=>""太子珠寶鐘錶""",22.296416,114.17075,1,1
63,点,546,998,4849781086,必勝客 Pizza Hut, , , , , , , ,"addr:street=>""北京道 Peking Road"",""brand""=>""必勝客 Pizza Hut"",""brand:en""=>""Pizza Hut"",""brand:wikidata""=>""Q191615"",""brand:wikipedia""=>""zh:必胜客"",""brand:zh""=>""必勝客"",""brand:zh-Hans""=>""必胜客"",""brand:zh-Hant""=>""必勝客"",""cuisine""=>""pizz",22.296422,114.1708,1,1
64,点,548,489,2938367948,Fortunate Guesthouse, , , , , , , ,"addr:door=>""11A2"",""addr:floor""=>""11/F"",""addr:housenumber""=>""36-44"",""addr:street""=>""彌敦道 Nathan Road"",""addr:unit""=>""A"",""level""=>""11"",""tourism""=>""guest_house""",22.296426,114.172448,1,1
65,点,549,501,2938367960,Park Guesthouse, , , , , , , ,"addr:door=>""15A1-2"",""addr:floor""=>""15/F"",""addr:housenumber""=>""36-44"",""addr:street""=>""彌敦道 Nathan Road"",""addr:unit""=>""A"",""level""=>""15"",""tourism""=>""guest_house""",22.296429,114.172552,1,1
66,点,550,1432,4930301821,神山麵屋 Kanzan Menya, , , , , , , ,"amenity=>""restaurant"",""cuisine""=>""japanese"",""name:en""=>""Kanzan Menya"",""name:zh""=>""神山麵屋"",""ref:openrice""=>""719154"",""website""=>""https://www.ajisen.com.hk""",22.296433,114.170887,1,1
67,点,553,1859,7077374174, , , , , , , , ,"access=>""yes"",""entrance""=>""main""",22.296436,114.172409,1,1
68,点,555,999,4849781087,AL Luxury, , , , , , , ,"addr:street=>""北京道 Peking Road"",""shop""=>""bag""",22.296439,114.170943,1,1
69,点,556,1866,7077374181, ,kerb, , , , , , ,"access=>""yes"",""kerb""=>""lowered"",""tactile_paving""=>""yes""",22.296441,114.172176,1,1
70,点,558,1865,7077374180, ,kerb, , , , , , ,"access=>""yes"",""kerb""=>""lowered"",""tactile_paving""=>""yes""",22.296442,114.172133,1,1
71,点,561,125,1950794665,麥當勞 McDonald's, , , , , , , ,"addr:housenumber=>""12"",""addr:street""=>""北京道 Peking Road"",""amenity""=>""fast_food"",""brand""=>""麥當勞 McDonald's"",""brand:en""=>""McDonald's"",""brand:wikidata""=>""Q38076"",""brand:wikipedia""=>""zh:麦当劳"",""brand:zh""=>""麥當勞"",""brand:zh-Hans""=>""麦当K",22.296443,114.170977,1,1
72,点,562,497,2938367956,New Mandarin Guesthouse, , , , , , , ,"addr:door=>""8A9"",""addr:floor""=>""8/F"",""addr:housenumber""=>""36-44"",""addr:street""=>""彌敦道 Nathan Road"",""addr:unit""=>""A"",""level""=>""8"",""tourism""=>""guest_house""",22.296443,114.172446,1,1
73,点,563,491,2938367950,Hawaii Guesthouse, , , , , , , ,"addr:door=>""14A6-7"",""addr:floor""=>""14/F"",""addr:housenumber""=>""36-44"",""addr:street""=>""彌敦道 Nathan Road"",""addr:unit""=>""A"",""level""=>""14"",""tourism""=>""guest_house""",22.296443,114.172551,1,1
74,点,568,1000,4849781088,Adidas Originals, , , , , , , ,"addr:street=>""北京道 Peking Road"",""brand""=>""Adidas Originals"",""brand:wikidata""=>""Q4682711"",""clothes""=>""sports"",""shop""=>""clothes""",22.296449,114.171034,1,1
75,点,572,511,2938367970,Tokyo Guesthouse, , , , , , , ,"addr:door=>""14A5"",""addr:floor""=>""14/F"",""addr:housenumber""=>""36-44"",""addr:street""=>""彌敦道 Nathan Road"",""addr:unit""=>""A"",""level""=>""14"",""tourism""=>""guest_house""",22.296456,114.172551,1,1
76,点,574,495,2938367954,New Asia Guesthouse, , , , , , , ,"addr:door=>""8A6-7"",""addr:floor""=>""8/F"",""addr:housenumber""=>""36-44"",""addr:street""=>""彌敦道 Nathan Road"",""addr:unit""=>""A"",""level""=>""8"",""tourism""=>""guest_house""",22.296461,114.172444,1,1
77,点,581,490,2938367949,Four Season Guesthouse, , , , , , , ,"addr:door=>""14A2"",""addr:floor""=>""14/F"",""addr:housenumber""=>""36-44"",""addr:street""=>""彌敦道 Nathan Road"",""addr:unit""=>""A"",""level""=>""14"",""tourism""=>""guest_house""",22.296473,114.17255,1,1
78,点,585,512,2938367971,Toms Guesthouse, , , , , , , ,"addr:door=>""8A5"",""addr:floor""=>""8/F"",""addr:housenumber""=>""36-44"",""addr:street""=>""彌敦道 Nathan Road"",""addr:unit""=>""A"",""level""=>""8"",""tourism""=>""guest_house""",22.296475,114.172443,1,1
79,点,588,1685,6384079283, , ,crossing,K002, , , , ,"button_operated=>""yes"",""crossing""=>""traffic_signals"",""crossing:island""=>""no"",""crossing:scramble""=>""yes"",""tactile_paving""=>""yes"",""traffic_signals:sound""=>""yes"",""traffic_signals:vibration""=>""yes""",22.296478,114.172131,1,1
80,点,589,2278,10880215920,太子珠寶鐘錶 Prince Jewellery & Watch, , , , , , , ,"addr:housenumber=>""12A"",""addr:street""=>""北京道 Peking Road"",""name:en""=>""Prince Jewellery & Watch"",""name:zh""=>""太子珠寶鐘錶"",""shop""=>""jewelry""",22.296479,114.171308,1,1
81,点,590,1774,6705233699, , , ,K002, , , , ,"note:highway=>""traffic_signals""",22.29648,114.172216,1,1
82,点,595,0,30747334, , ,crossing,K002, , , , ,"button_operated=>""yes"",""crossing""=>""traffic_signals"",""crossing:island""=>""yes"",""crossing:scramble""=>""yes"",""tactile_paving""=>""yes"",""traffic_signals:sound""=>""yes"",""traffic_signals:vibration""=>""yes""",22.296485,114.1722,1,1
83,点,598,1688,6384079486, ,kerb, , , , , , ,"access=>""yes"",""kerb""=>""flush"",""tactile_paving""=>""yes""",22.296488,114.17225,1,1
84,点,599,1863,7077374178, ,bollard, , , , , , ,"access=>""yes"",""bollard""=>""fixed""",22.296488,114.172257,1,1
85,点,600,1687,6384079485, ,kerb, , , , , , ,"access=>""yes"",""kerb""=>""flush"",""tactile_paving""=>""yes""",22.296488,114.172265,1,1
86,点,601,492,2938367951,Hollywood Guesthouse, , , , , , , ,"addr:door=>""14A1"",""addr:floor""=>""14/F"",""addr:housenumber""=>""36-44"",""addr:street""=>""彌敦道 Nathan Road"",""addr:unit""=>""A"",""level""=>""14"",""tourism""=>""guest_house""",22.296489,114.172549,1,1
87,点,602,1579,6289249808, , ,crossing,K002, , , , ,"button_operated=>""yes"",""crossing""=>""traffic_signals"",""crossing:island""=>""yes"",""crossing:scramble""=>""yes"",""tactile_paving""=>""yes"",""traffic_signals:sound""=>""yes"",""traffic_signals:vibration""=>""yes""",22.296489,114.17229,1,1
88,点,604,1686,6384079284, ,kerb, , , , , , ,"access=>""yes"",""kerb""=>""lowered"",""tactile_paving""=>""yes""",22.296491,114.172338,1,1
89,点,605,1074,4850025677,余仁生 Eu Yan Sang, , , , , , , ,"addr:street=>""北京道 Peking Road"",""brand""=>""余仁生 Eu Yan Sang"",""brand:en""=>""Eu Yan Sang"",""brand:wikidata""=>""Q4207246"",""brand:zh""=>""余仁生"",""name:en""=>""Eu Yan Sang"",""name:zh""=>""余仁生"",""shop""=>""herbalist""",22.296491,114.171475,1,1
90,点,606,508,2938367967,Sun Ying Guesthouse, , , , , , , ,"addr:door=>""8A1"",""addr:floor""=>""8/F"",""addr:housenumber""=>""36-44"",""addr:street""=>""彌敦道 Nathan Road"",""addr:unit""=>""A"",""level""=>""8"",""tourism""=>""guest_house""",22.296491,114.172441,1,1
91,点,607,2279,10880215921,來一燙冒菜麻辣燙, , , , , , , ,"amenity=>""restaurant"",""name:zh""=>""來一燙冒菜麻辣燙""",22.296495,114.171509,1,1
92,点,609,1024,4849863694,Believe, , , , , , , ,"addr:street=>""北京道 Peking Road"",""shop""=>""clothes""",22.296496,114.171448,1,1
93,点,612,2283,10880215925,泰鮮味 Thai Umami, , , , , , , ,"amenity=>""fast_food"",""name:en""=>""Thai Umami"",""name:zh""=>""泰鮮味""",22.296499,114.171543,1,1
94,点,618,1864,7077374179, ,kerb, , , , , , ,"access=>""yes"",""kerb""=>""lowered"",""tactile_paving""=>""yes""",22.296506,114.172128,1,1
95,点,619,487,2938367946,Double Seven Guest House, , , , , , , ,"addr:door=>""7A7"",""addr:floor""=>""7/F"",""addr:housenumber""=>""36-44"",""addr:street""=>""彌敦道 Nathan Road"",""addr:unit""=>""A"",""level""=>""7"",""tourism""=>""guest_house""",22.296507,114.17244,1,1
96,点,620,484,2938367943,Capital Guesthouse, , , , , , , ,"addr:door=>""13A6-7"",""addr:floor""=>""13/F"",""addr:housenumber""=>""36-44"",""addr:street""=>""彌敦道 Nathan Road"",""addr:unit""=>""A"",""level""=>""13"",""tourism""=>""guest_house""",22.296507,114.172548,1,1
97,点,621,2293,10880215975, , ,crossing, , , , , ,"crossing=>""uncontrolled"",""tactile_paving""=>""yes""",22.29651,114.171624,1,1
98,点,627,1437,4969719821,加拿大酒店 Canada Hotel, , , , , , , ,"addr:floor=>""15"",""addr:housenumber""=>""36-44"",""addr:street""=>""彌敦道 Nathan Road"",""addr:street:en""=>""Nathan Road"",""addr:street:zh""=>""彌敦道"",""addr:unit""=>""A"",""name:en""=>""Canada Hotel"",""name:zh""=>""加拿大酒店"",""tourism""=>""hostel""",22.296519,114.172596,1,1
99,点,628,1860,7077374175, ,kerb, , , , , , ,"access=>""yes"",""kerb""=>""lowered"",""tactile_paving""=>""yes""",22.296521,114.172151,1,1
100,点,630,514,2938367973,Welcome Guesthouse, , , , , , , ,"addr:door=>""7A5"",""addr:floor""=>""7/F"",""addr:housenumber""=>""36-44"",""addr:street""=>""彌敦道 Nathan Road"",""addr:unit""=>""A"",""level""=>""7"",""tourism""=>""guest_house""",22.296523,114.172438,1,1
101,点,631,1891,7176920185,大快活 Fairwood, , , , , , , ,"addr:housenumber=>""7"",""addr:street""=>""亞士厘道 Ashley Road"",""amenity""=>""fast_food"",""brand""=>""大快活 Fairwood"",""brand:en""=>""Fairwood"",""brand:wikidata""=>""Q5430935"",""brand:zh""=>""大快活"",""brand:zh-Hans""=>""大快活"",""brand:zh-Hant""=>""大快活"",""",22.296524,114.170495,1,1
102,点,634,483,2938367942,Ashoka Guesthouse, , , , , , , ,"addr:door=>""13A4"",""addr:floor""=>""13/F"",""addr:housenumber""=>""36-44"",""addr:street""=>""彌敦道 Nathan Road"",""addr:unit""=>""A"",""level""=>""13"",""tourism""=>""guest_house""",22.296525,114.172547,1,1
103,点,639,914,4848098163,CKE, , , , , , , ,"addr:street=>""彌敦道 Nathan Road"",""shop""=>""yes""",22.296534,114.172421,1,1
104,点,643,499,2938367958,New Super Guesthouse, , , , , , , ,"addr:door=>""17A2"",""addr:floor""=>""17/F"",""addr:housenumber""=>""36-44"",""addr:street""=>""彌敦道 Nathan Road"",""addr:unit""=>""A"",""level""=>""17"",""tourism""=>""guest_house""",22.296537,114.172594,1,1
105,点,644,502,2938367961,Pay Less Guesthouse, , , , , , , ,"addr:door=>""6A5, 7A2, 7A8-9"",""addr:floor""=>""6/F-7/F"",""addr:housenumber""=>""36-44"",""addr:street""=>""彌敦道 Nathan Road"",""addr:unit""=>""A"",""level""=>""6"",""tourism""=>""guest_house""",22.296538,114.172437,1,1
106,点,650,1530,5890148087,大家樂 Café de Coral, , , , , , , ,"addr:housenumber=>""36-44"",""addr:street""=>""彌敦道 Nathan Road"",""addr:unit""=>""Shop 01"",""amenity""=>""fast_food"",""brand""=>""大家樂 Café de Coral"",""brand:en""=>""Café de Coral"",""brand:wikidata""=>""Q16241484"",""brand:zh""=>""大家樂"",""brand:zh-Hans""=>""大",22.296544,114.172474,1,1
107,点,651,2280,10880215922,銀記香港傳統美食 Hong Kong Traditional Food, , , , , , , ,"amenity=>""fast_food"",""name:en""=>""Hong Kong Traditional Food"",""name:zh""=>""銀記香港傳統美食""",22.296545,114.171539,1,1
108,点,656,486,2938367945,Delta HK Hotel, , , , , , , ,"addr:city=>""尖沙咀 Tsim Sha Tsui"",""addr:door""=>""16A5"",""addr:floor""=>""16/F"",""addr:housenumber""=>""36-44"",""addr:street""=>""彌敦道 Nathan Road"",""addr:unit""=>""A"",""level""=>""16"",""operator""=>""Ashoka Hotels"",""tourism""=>""hostel"",""website""=>""http://www.delta",22.296554,114.172595,1,1
109,点,659,488,2938367947,First Guesthouse, , , , , , , ,"addr:door=>""7A1"",""addr:floor""=>""7/F"",""addr:housenumber""=>""36-44"",""addr:street""=>""彌敦道 Nathan Road"",""addr:unit""=>""A"",""level""=>""7"",""tourism""=>""guest_house""",22.296555,114.172435,1,1
110,点,667,494,2938367953,Longdon Guesthouse, , , , , , , ,"addr:door=>""6A1-2"",""addr:floor""=>""6/F"",""addr:housenumber""=>""36-44"",""addr:street""=>""彌敦道 Nathan Road"",""addr:unit""=>""A"",""level""=>""6"",""tourism""=>""guest_house""",22.296568,114.172434,1,1
111,点,668,513,2938367972,Travellers Hostel, , , , , , , ,"addr:door=>""16A1-4"",""addr:floor""=>""16/F"",""addr:housenumber""=>""36-44"",""addr:street""=>""彌敦道 Nathan Road"",""addr:unit""=>""A"",""level""=>""16"",""tourism""=>""hostel""",22.296569,114.172595,1,1
112,点,674,913,4848098162,卓悅 Bonjour, , , , , , , ,"addr:street=>""彌敦道 Nathan Road"",""brand""=>""卓悅 Bonjour"",""brand:en""=>""Bonjour"",""brand:wikidata""=>""Q10906081"",""brand:zh""=>""卓悅"",""name:en""=>""Bonjour"",""name:zh""=>""卓悅"",""shop""=>""cosmetics""",22.296575,114.172416,1,1
113,点,677,1023,4849863693,廚十三, , , , , , , ,"addr:housenumber=>""12A"",""addr:street""=>""北京道 Peking Road"",""amenity""=>""restaurant"",""level""=>""18""",22.296577,114.171277,1,1
114,点,679,2243,10814277806,Gaylord, , , , , , , ,"addr:housenumber=>""12A"",""addr:street""=>""北京道 Peking Road"",""amenity""=>""restaurant"",""cuisine""=>""indian"",""level""=>""5"",""opening_hours""=>""Mo-Su 12:00-15:00,18:00-23:00"",""phone""=>""+852 2376 1001"",""website""=>""https://silveroak.com.hk/gaylord""",22.296581,114.171295,1,1
115,点,681,507,2938367966,Spring Guesthouse, , , , , , , ,"addr:door=>""15A5"",""addr:floor""=>""15/F"",""addr:housenumber""=>""36-44"",""addr:street""=>""彌敦道 Nathan Road"",""addr:unit""=>""A"",""level""=>""15"",""tourism""=>""guest_house""",22.296582,114.172594,1,1
116,点,683,2309,10880216124,Crispi Bun, , , , , , , ,"addr:housenumber=>""7"",""addr:street""=>""亞士厘道 Ashley Road"",""amenity""=>""restaurant"",""cuisine""=>""burger"",""diet:halal""=>""yes""",22.296584,114.170487,1,1
117,点,686,485,2938367944,Chungking Guesthouse, , , , , , , ,"addr:floor=>""4/F-5/F"",""addr:housenumber""=>""36-44"",""addr:street""=>""彌敦道 Nathan Road"",""addr:unit""=>""A"",""level""=>""4"",""tourism""=>""guest_house""",22.296585,114.172432,1,1
118,点,689,2281,10880215923,Brand Station, , , , , , , ,"addr:housenumber=>""1"",""addr:street""=>""樂道 Lock Road"",""name:en""=>""Brand Station"",""shop""=>""bag""",22.296591,114.171536,1,1
119,点,694,1870,7077478909, , , , , , , , ,"addr:street=>""北京道 Peking Road"",""addr:street:en""=>""Peking Road"",""addr:street:wikidata""=>""Q7161055"",""addr:street:zh""=>""北京道"",""entrance""=>""main""",22.296596,114.171949,1,1
120,点,695,500,2938367959,Ocean Guesthouse, , , , , , , ,"addr:door=>""15A4"",""addr:floor""=>""15/F"",""addr:housenumber""=>""36-44"",""addr:street""=>""彌敦道 Nathan Road"",""addr:unit""=>""A"",""level""=>""15"",""tourism""=>""guest_house""",22.296599,114.172592,1,1
121,点,696,1022,4849863692,方叔叔 Uncle Fong, , , , , , , ,"addr:housenumber=>""12A"",""addr:street""=>""北京道 Peking Road"",""amenity""=>""restaurant"",""level""=>""19"",""name:en""=>""Uncle Fong"",""name:zh""=>""方叔叔重慶老火鍋""",22.296601,114.171277,1,1
122,点,697,510,2938367969,Tai Wan Guesthouse, , , , , , , ,"addr:door=>""3A1, 2, 4, 5, 8"",""addr:floor""=>""3/F"",""addr:housenumber""=>""36-44"",""addr:street""=>""彌敦道 Nathan Road"",""addr:unit""=>""A"",""level""=>""3"",""tourism""=>""guest_house""",22.296602,114.172431,1,1
123,点,699,1049,4849887211,MLB, , , , , , , ,"addr:street=>""樂道 Lock Road"",""shop""=>""clothes""",22.296605,114.171713,1,1
124,点,700,1652,6371599589,Fila, , , , , , , ,"brand=>""Fila"",""brand:wikidata""=>""Q482539"",""shop""=>""clothes""",22.296608,114.171771,1,1
125,点,703,927,4848178722,周大福 Chow Tai Fook, , , , , , , ,"addr:door=>""G02;UG02"",""addr:housename""=>""iSQUARE"",""addr:housename:en""=>""iSQUARE"",""addr:housename:zh""=>""iSQUARE"",""addr:housenumber""=>""63"",""addr:street""=>""彌敦道 Nathan Road"",""addr:street:en""=>""Nathan Road"",""addr:street:wikidata""=>""Q2188138"",""addr:str",22.296622,114.172013,1,1
126,点,705,1861,7077374176, , ,traffic_signals,K002, , , , ,"crossing=>""separate"",""crossing:separate""=>""traffic_signals"",""junction""=>""separate"",""traffic_signals""=>""signal""",22.296625,114.17228,1,1
127,点,708,773,4540980689,Monster sushi, , , , , , , ,"amenity=>""restaurant"",""cuisine""=>""japanese"",""name:en""=>""Monster sushi"",""name:ko""=>""몬스터 스시 맛집""",22.296632,114.17181,1,1
128,点,709,1012,4849843757,天空之城酒業 Castle of Sky, , , , , , , ,"addr:street=>""漢口道 Hankow Road"",""name:en""=>""Castle of Sky"",""name:zh""=>""天空之城酒業"",""shop""=>""alcohol""",22.296636,114.171038,1,1
129,点,710,2282,10880215924,香港購物中心 HK Shopping Centre, , , , , , , ,"addr:housenumber=>""3"",""addr:street""=>""樂道 Lock Road"",""name:en""=>""HK Shopping Centre"",""name:zh""=>""香港購物中心"",""shop""=>""bag""",22.296637,114.171533,1,1
130,点,712,1027,4849863697,美心MX Maxim's MX, , , , , , , ,"addr:housenumber=>""12A"",""addr:street""=>""北京道 Peking Road"",""amenity""=>""fast_food"",""brand""=>""美心MX Maxim's MX"",""brand:en""=>""Maxim's MX"",""brand:wikidata""=>""Q7213063"",""brand:zh""=>""美心MX"",""cuisine""=>""cantonese;western"",""level""=>""-1"",""name:en""=>""M",22.296642,114.171243,1,1
131,点,715,1956,8363087517, , , , , , , , ,"name:en=>""barbershop"",""shop""=>""beauty""",22.296661,114.170673,1,1
132,点,718,912,4848060592,莎莎 Sasa, , , , , , , ,"addr:street=>""彌敦道 Nathan Road"",""brand""=>""莎莎 Sasa"",""brand:en""=>""Sasa"",""brand:wikidata""=>""Q15910675"",""brand:zh""=>""莎莎"",""name:en""=>""Sasa"",""name:zh""=>""莎莎"",""shop""=>""cosmetics""",22.296666,114.172416,1,1
133,点,722,785,4646626290,星巴克 Starbucks, , , , , , , ,"amenity=>""cafe"",""brand""=>""星巴克 Starbucks"",""brand:en""=>""Starbucks"",""brand:wikidata""=>""Q37158"",""brand:wikipedia""=>""zh:星巴克"",""brand:zh""=>""星巴克"",""cuisine""=>""coffee_shop"",""name:en""=>""Starbucks"",""name:zh""=>""星巴克"",""takeaway""=>""yes""",22.296673,114.172024,1,1
134,点,723,1004,4849843735,九爺, , , , , , , ,"addr:street=>""漢口道 Hankow Road"",""amenity""=>""restaurant""",22.296675,114.171036,1,1
135,点,724,605,4066472129,Market Place, , , , , , , ,"brand=>""Market Place"",""brand:en""=>""Market Place"",""brand:wikidata""=>""Q10851178"",""level""=>""-1"",""name:en""=>""Market Place"",""shop""=>""supermarket""",22.296678,114.17194,1,1
136,点,725,1028,4849863698,Lionesse Exclusive, , , , , , , ,"addr:street=>""漢口道 Hankow Road"",""shop""=>""cosmetics"",""website""=>""https://lionesse.com.hk""",22.296684,114.171239,1,1
137,点,726,783,4646610390, , , , , , , , ,"name:en=>""Bose"",""shop""=>""department_store""",22.296685,114.172061,1,1
138,点,727,543,3727068791,牛陣, , , , , , , ,"addr:housenumber=>""63"",""addr:level""=>""7"",""addr:street""=>""彌敦道 Nathan Road"",""addr:unit""=>""706"",""amenity""=>""restaurant"",""phone""=>""2311 1092""",22.296707,114.171863,1,1
139,点,728,1994,8435036158, , , , , , , , ,"amenity=>""taxi"",""public_transport""=>""platform"",""taxi""=>""yes""",22.296717,114.171653,1,1
140,点,729,1029,4849863699,板神, , , , , , , ,"addr:street=>""漢口道 Hankow Road"",""amenity""=>""restaurant""",22.296729,114.171236,1,1
141,点,730,2284,10880215926,Garmin, , , , , , , ,"shop=>""sports""",22.296731,114.171527,1,1
142,点,731,911,4848060591,時間廊 City Chain, , , , , , , ,"addr:street=>""彌敦道 Nathan Road"",""brand""=>""時間廊 City Chain"",""brand:en""=>""City Chain"",""brand:wikidata""=>""Q11089260"",""brand:zh""=>""時間廊"",""name:en""=>""City Chain"",""name:zh""=>""時間廊"",""shop""=>""watches""",22.296733,114.172418,1,1
143,点,732,1006,4849843741,Power Jewellery, , , , , , , ,"addr:street=>""漢口道 Hankow Road"",""shop""=>""jewelry""",22.296745,114.171031,1,1
144,点,733,909,4848052046,周大福 Chow Tai Fook, , , , , , , ,"addr:door=>""MTR24"",""addr:housename""=>""iSQUARE"",""addr:housename:en""=>""iSQUARE"",""addr:housename:zh""=>""iSQUARE"",""addr:housenumber""=>""63"",""addr:street""=>""彌敦道 Nathan Road"",""addr:street:en""=>""Nathan Road"",""addr:street:wikidata""=>""Q2188138"",""addr:street",22.296753,114.171956,1,1
145,点,734,1005,4849843740,Hello India, , , , , , , ,"addr:housenumber=>""19-21"",""addr:street""=>""漢口道 Hankow Road"",""amenity""=>""restaurant"",""cuisine""=>""indian"",""level""=>""1"",""phone""=>""+852 2367 7489"",""website""=>""https://www.helloindia.com.hk""",22.296768,114.171003,1,1
146,点,735,1009,4849843744,源記餐廳, , , , , , , ,"addr:street=>""漢口道 Hankow Road"",""amenity""=>""restaurant""",22.296778,114.171029,1,1
147,点,736,1057,4849902142,海量珠寶 Highland Jewellery, , , , , , , ,"addr:street=>""樂道 Lock Road"",""name:en""=>""Highland Jewellery"",""name:zh""=>""海量珠寶"",""shop""=>""jewelry""",22.296778,114.171524,1,1
148,点,737,1580,6309071633,iSquare,gate, ,H, , , , ,"access=>""yes"",""door""=>""no"",""entrance""=>""yes"",""gate:material""=>""metal"",""gate:type""=>""sliding"",""layer""=>""-1"",""location""=>""underground"",""railway""=>""subway_entrance""",22.296779,114.172072,1,1
149,点,738,895,4848019842,周大福 Chow Tai Fook, , , , , , , ,"addr:street=>""彌敦道 Nathan Road"",""brand""=>""周大福 Chow Tai Fook"",""brand:en""=>""Chow Tai Fook"",""brand:wikidata""=>""Q48880993"",""brand:wikipedia""=>""en:Chow Tai Fook Jewellery Group"",""brand:zh""=>""周大福"",""brand:zh-Hans""=>""周大福"",""brand:zh-Hant""",22.296781,114.172414,1,1
150,点,739,1030,4849863700,香港磁力共振中心 Hong Kong MRI, , , , , , , ,"addr:street=>""漢口道 Hankow Road"",""amenity""=>""clinic"",""healthcare""=>""clinic"",""name:en""=>""Hong Kong MRI"",""name:zh""=>""香港磁力共振中心""",22.296803,114.171228,1,1
151,点,740,1007,4849843742,樂意點心 Log Ye Dim Sum, , , , , , , ,"addr:street=>""漢口道 Hankow Road"",""amenity""=>""restaurant"",""name:en""=>""Log Ye Dim Sum"",""name:zh""=>""樂意點心""",22.296804,114.171027,1,1
152,点,742,1061,4849902146,泰濃麵 SiamNoodles, , , , , , , ,"addr:housenumber=>""7"",""addr:street""=>""樂道 Lock Road"",""amenity""=>""restaurant"",""cuisine""=>""thai"",""name:en""=>""SiamNoodles"",""name:zh""=>""泰濃麵""",22.296826,114.17152,1,1
153,点,743,1430,4892003721,澳門茶餐廳, , , , , , , ,"amenity=>""restaurant"",""name:zh""=>""澳門茶餐廳""",22.296829,114.17175,1,1
154,点,744,540,3609080345,港匯找換匯款, , , , , , , ,"addr:city=>""尖沙咀 Tsim Sha Tsui"",""addr:housenumber""=>""Shop D, G/F, Hanyee Building"",""addr:street""=>""漢口道 Hankow Road"",""amenity""=>""bureau_de_change""",22.296831,114.171026,1,1
155,点,745,1464,5158969223,Ned Kelly's Last Stand, , , , , , , ,"addr:housenumber=>""11A"",""addr:street""=>""亞士厘道 Ashley Road"",""amenity""=>""pub""",22.29684,114.170476,1,1
156,点,746,1811,6973006385, , , , , , , , ,"addr:housenumber=>""10-14"",""addr:street""=>""亞士厘道 Ashley Road"",""amenity""=>""bar"",""name:en""=>""Kowloon Taproom"",""phone""=>""+852 2861 0355""",22.296847,114.170644,1,1
157,点,747,1868,7077478907, , , ,C1, , , , ,"door=>""no"",""entrance""=>""yes"",""gate""=>""yes"",""railway""=>""subway_entrance""",22.296851,114.172123,1,1
158,点,748,1025,4849863695,足臨門, , , , , , , ,"addr:street=>""漢口道 Hankow Road"",""level""=>""1"",""shop""=>""massage""",22.296856,114.170996,1,1
159,点,749,1008,4849843743,余仁堂免稅藥坊, , , , , , , ,"addr:street=>""漢口道 Hankow Road"",""shop""=>""chemist""",22.296861,114.171023,1,1
160,点,750,705,4367744290,Branto 印度素食餐廳 Branto Indian Vegetarian Restaurant, , , , , , , ,"addr:city=>""尖沙咀 Tsim Sha Tsui"",""addr:housenumber""=>""9"",""addr:level""=>""1"",""addr:street""=>""樂道 Lock Road"",""amenity""=>""restaurant"",""contact:email""=>""brantohongkong@hotmail.com"",""contact:facebook""=>""https://www.facebook.com/Branto-Pure-Veg-Indian-",22.296869,114.171469,1,1
161,点,751,1059,4849902144,7-Eleven, , , , , , , ,"addr:housenumber=>""9"",""addr:street""=>""樂道 Lock Road"",""brand""=>""7-Eleven"",""brand:wikidata""=>""Q259340"",""brand:wikipedia""=>""en:7-Eleven"",""level""=>""0"",""name:en""=>""7-Eleven"",""name:zh""=>""7-11便利店"",""shop""=>""convenience""",22.296872,114.171518,1,1
162,点,753,894,4848019841,Rolex, , , , , , , ,"addr:street=>""彌敦道 Nathan Road"",""shop""=>""jewelry""",22.296884,114.172414,1,1
163,点,754,1555,6038148787, , , , , , , , ,"addr:housenumber=>""21F"",""addr:street""=>""漢口道 Hankow Road"",""name:en""=>""Mariane’s Watch and Jewelry"",""opening_hours""=>""Mo-Sa 10:00-20:00; Su 10:00-18:00"",""phone""=>""23761527"",""shop""=>""jewelry""",22.296889,114.171021,1,1
164,点,757,1031,4849863701,1O1O, , , , , , , ,"addr:street=>""漢口道 Hankow Road"",""brand""=>""1O1O"",""brand:wikidata""=>""Q10843723"",""shop""=>""telecommunication""",22.296899,114.171222,1,1
165,点,758,1888,7109127698, , , , , , , , ,"name:en=>""Camera store"",""shop""=>""photo""",22.296905,114.172329,1,1
166,点,763,2649,12716726133,The Ashley Road Trading Company, , , , , , , ,"addr:housenumber=>""15"",""addr:street""=>""亞士厘道 Ashley Road"",""amenity""=>""pub""",22.296911,114.170466,1,1
167,点,765,1011,4849843754,北京同仁堂 Beijing Tong Ren Tang, , , , , , , ,"addr:street=>""漢口道 Hankow Road"",""name:en""=>""Beijing Tong Ren Tang"",""name:zh""=>""北京同仁堂"",""shop""=>""herbalist""",22.296913,114.171019,1,1
168,点,766,1060,4849902145,達隆藥房 Tack Long Pharmacy, , , , , , , ,"addr:housenumber=>""9A"",""addr:street""=>""樂道 Lock Road"",""amenity""=>""pharmacy"",""healthcare""=>""pharmacy"",""level""=>""0"",""name:en""=>""Tack Long Pharmacy"",""name:zh""=>""達隆藥房""",22.296918,114.171515,1,1
169,点,767,1897,7258073825,英皇戲院 Emperor Cinemas, , , , , , , ,"addr:housename=>""iSQUARE"",""addr:housename:en""=>""iSQUARE"",""addr:housename:zh""=>""iSQUARE"",""addr:housenumber""=>""63"",""addr:street""=>""彌敦道 Nathan Road"",""addr:street:en""=>""Nathan Road"",""addr:street:wikidata""=>""Q2188138"",""addr:street:zh""=>""彌敦道"",""am",22.296937,114.171842,1,1
170,点,768,2504,11397441369,街頭霸王, , , , , , , ,"amenity=>""restaurant""",22.29694,114.171017,1,1
171,点,769,1561,6144322985,英記茶莊 Ying Kee Tea House, , , , , , , ,"addr:street=>""宜昌街 Ichang Street"",""name:en""=>""Ying Kee Tea House"",""name:zh""=>""英記茶莊"",""shop""=>""tea""",22.296947,114.170871,1,1
172,点,770,1479,5239080121, , , , , , , , ,"amenity=>""bank"",""name:en""=>""Moneygram""",22.296947,114.172397,1,1
173,点,771,1026,4849863696,一郎, , , , , , , ,"addr:street=>""宜昌街 Ichang Street"",""amenity""=>""restaurant"",""cuisine""=>""japanese""",22.296952,114.170922,1,1
174,点,774,1548,5983133403, , ,crossing, , , , , ,"crossing=>""uncontrolled""",22.296958,114.172324,1,1
175,点,775,1056,4849902138,春記文具 Chun Kee Stationary, , , , , , , ,"addr:housenumber=>""11"",""addr:street""=>""樂道 Lock Road"",""name:en""=>""Chun Kee Stationary"",""name:zh""=>""春記文具"",""shop""=>""stationery""",22.296964,114.171511,1,1
176,点,776,1013,4849843758,龍城大藥坊, , , , , , , ,"addr:street=>""漢口道 Hankow Road"",""shop""=>""chemist""",22.296966,114.171015,1,1
177,点,777,1048,4849887210, , , , , , , , ,"entrance=>""yes"",""exit""=>""yes""",22.296973,114.171651,1,1
178,点,779,1033,4849863703,Le Creuset, , , , , , , ,"addr:street=>""漢口道 Hankow Road"",""brand""=>""Le Creuset"",""brand:wikidata""=>""Q555861"",""shop""=>""houseware""",22.296982,114.171215,1,1
179,点,785,908,4848052045,M&S Outlet, , , , , , , ,"addr:door=>""G3A--G3C;UG3,UG4"",""addr:housename""=>""iSQUARE"",""addr:housename:en""=>""iSQUARE"",""addr:housename:zh""=>""iSQUARE"",""addr:housenumber""=>""63"",""addr:street""=>""彌敦道 Nathan Road"",""addr:street:en""=>""Nathan Road"",""addr:street:wikidata""=>""Q2188138"",""",22.297002,114.171889,1,1
180,点,786,1653,6371644085, , , , , , , , ,"entrance=>""yes"",""exit""=>""yes""",22.297006,114.172057,1,1
181,点,787,646,4158952989,潮發粥麵茶餐廳 Chiu Fat Restaurant, , , , , , , ,"addr:housenumber=>""11A"",""addr:street""=>""樂道 Lock Road"",""amenity""=>""restaurant"",""cuisine""=>""noodle"",""name:en""=>""Chiu Fat Restaurant"",""name:zh""=>""潮發粥麵茶餐廳""",22.297009,114.171508,1,1
182,点,790,2306,10880216066, , ,crossing, , , , , ,"crossing=>""uncontrolled""",22.297029,114.171058,1,1
183,点,791,2206,10314077718, , ,crossing, , , , , , ,22.297038,114.169883,1,1
184,点,793,311,2604586677, , , ,G, , , , ,"railway=>""subway_entrance""",22.297042,114.172591,1,1
185,点,794,1032,4849863702,優品360 Best Mart 360, , , , , , , ,"addr:street=>""漢口道 Hankow Road"",""brand""=>""優品360 Best Mart 360"",""brand:en""=>""Best Mart 360"",""brand:wikidata""=>""Q65117567"",""brand:zh""=>""優品360"",""name:en""=>""Best Mart 360"",""name:zh""=>""優品360"",""shop""=>""convenience""",22.297044,114.171211,1,1
186,点,798,593,3914318604,7-Eleven, , , , , , , ,"addr:country=>""HK"",""brand""=>""7-Eleven"",""brand:wikidata""=>""Q259340"",""name:en""=>""7-Eleven"",""name:zh""=>""7-11便利店"",""shop""=>""convenience"",""website""=>""https://www.7-eleven.com.hk/""",22.29706,114.170761,1,1
187,点,801,1812,6973008386,Castro's, , , , , , , ,"amenity=>""restaurant"",""cuisine""=>""cuba"",""level""=>""1"",""name:en""=>""Castro's""",22.297063,114.170614,1,1
188,点,805,907,4848052044,周生生 Chow Sang Sang, , , , , , , ,"addr:street=>""彌敦道 Nathan Road"",""brand""=>""周生生 Chow Sang Sang"",""brand:en""=>""Chow Sang Sang"",""brand:wikidata""=>""Q10920877"",""brand:wikipedia""=>""en:Chow Sang Sang"",""brand:zh""=>""周生生"",""brand:zh-Hans""=>""周生生"",""brand:zh-Hant""=>""周生生""",22.297073,114.17203,1,1
189,点,810,1014,4849843759,日暮家麵匠 Higureya Menso, , , , , , , ,"addr:street=>""宜昌街 Ichang Street"",""amenity""=>""restaurant"",""name:en""=>""Higureya Menso"",""name:zh""=>""日暮家麵匠""",22.297077,114.170863,1,1
190,点,814,1654,6373406585,日本城 JHC, , , , , , , ,"brand=>""日本城 JHC"",""brand:en""=>""JHC"",""brand:wikidata""=>""Q11507765"",""brand:zh""=>""日本城"",""brand:zh-Hans""=>""日本城"",""brand:zh-Hant""=>""日本城"",""name:en""=>""JHC"",""name:zh""=>""日本城"",""name:zh-Hans""=>""日本城"",""name:zh-Hant""=>""日本城"",""sh",22.297097,114.172456,1,1
191,点,815,1055,4849902135,辰衝圖書有限公司 Swindon Book Co. Ltd., , , , , , , ,"addr:housenumber=>""13"",""addr:street""=>""樂道 Lock Road"",""name:en""=>""Swindon Book Co. Ltd."",""name:zh""=>""辰衝圖書有限公司"",""was:shop""=>""books""",22.297098,114.171502,1,1
192,点,818,1010,4849843751,Golf City, , , , , , , ,"addr:street=>""漢口道 Hankow Road"",""shop""=>""golf""",22.297113,114.171004,1,1
193,点,825,1428,4879799321, , , , , , , , ,"addr:housenumber=>""18"",""addr:street""=>""亞士厘道 Ashley Road"",""amenity""=>""cafe"",""level""=>""3"",""name:en""=>""Barista Caffe""",22.297142,114.170634,1,1
194,点,828,2302,10880216061,名星高爾夫 Star Golf, , , , , , , ,"addr:street=>""漢口道 Hankow Road"",""name:en""=>""Star Golf"",""name:zh""=>""名星高爾夫"",""shop""=>""golf""",22.297146,114.171002,1,1
195,点,830,893,4848019840,Rado, , , , , , , ,"addr:street=>""彌敦道 Nathan Road"",""shop""=>""jewelry""",22.297152,114.172375,1,1
196,点,833,1035,4849863709,位元堂, , , , , , , ,"addr:street=>""漢口道 Hankow Road"",""shop""=>""herbalist""",22.297153,114.171204,1,1
197,点,838,1054,4849902133,海天潛水 Ocean Sky Diving, , , , , , , ,"addr:street=>""樂道 Lock Road"",""name:en""=>""Ocean Sky Diving"",""name:zh""=>""海天潛水"",""shop""=>""scuba_diving""",22.297176,114.171496,1,1
198,点,840,2301,10880216060,星鑽鐘錶 Tick Time Company, , , , , , , ,"addr:street=>""漢口道 Hankow Road"",""name:en""=>""Tick Time Company"",""name:zh""=>""星鑽鐘錶"",""shop""=>""watches""",22.297179,114.170999,1,1
199,点,841,302,2555388098,尖沙咀 Tsim Sha Tsui, , ,TST, , , , ,"name:en=>""Tsim Sha Tsui"",""name:zh""=>""尖沙咀"",""public_transport""=>""stop_position"",""railway""=>""stop"",""subway""=>""yes""",22.29718,114.172169,1,1
200,点,842,5,262119931,尖沙咀 Tsim Sha Tsui, , ,TST, , , , ,"addr:street=>""彌敦道 Nathan Road"",""name:en""=>""Tsim Sha Tsui"",""name:zh""=>""尖沙咀"",""network""=>""MTR"",""operator""=>""香港鐵路有限公司 MTR Corporation"",""platforms""=>""2"",""public_transport""=>""station"",""start_date""=>""1979-12-16"",""station""=>""subway""",22.29718,114.172205,1,1
201,点,843,303,2555388100,尖沙咀 Tsim Sha Tsui, , ,TST, , , , ,"name:en=>""Tsim Sha Tsui"",""name:zh""=>""尖沙咀"",""public_transport""=>""stop_position"",""railway""=>""stop"",""subway""=>""yes""",22.297182,114.172297,1,1
202,点,844,2594,11907070975, ,kerb, , , , , , ,"access=>""yes"",""kerb""=>""lowered""",22.29719,114.171614,1,1
203,点,845,2593,11907058907, , , , , , , , ,"kerb:across=>""no"",""kerb:both""=>""no""",22.29719,114.171624,1,1
204,点,846,1896,7258073823, , , , , , , , ,"amenity=>""parking_entrance"",""entrance""=>""yes"",""exit""=>""yes"",""fee""=>""yes"",""foot""=>""no"",""level""=>""0"",""level:ref""=>""G"",""maxspeed""=>""8"",""parking""=>""underground"",""payment""=>""yes""",22.297191,114.171636,1,1
205,点,847,1895,7257866551,名家韓國餐廳 Myung Ga Korean Restaurant, , , , , , , ,"addr:door=>""2702"",""addr:housename""=>""國際廣場 iSQUARE"",""addr:housename:en""=>""iSQUARE"",""addr:housename:zh""=>""國際廣場"",""addr:housenumber""=>""63"",""addr:street""=>""彌敦道 Nathan Road"",""addr:street:en""=>""Nathan Road"",""addr:street:wikidata""=>""Q2188",22.297194,114.17195,1,1
206,点,850,591,3914318601,7-Eleven, , , , , , , ,"addr:country=>""HK"",""brand""=>""7-Eleven"",""brand:wikidata""=>""Q259340"",""brand:wikipedia""=>""en:7-Eleven"",""name:en""=>""7-Eleven"",""name:zh""=>""7-11便利店"",""shop""=>""convenience"",""website""=>""https://www.7-eleven.com.hk/""",22.297197,114.172363,1,1
207,点,853,1021,4849863691,咯咯雞 Kok Kok Chicken, , , , , , , ,"addr:street=>""亞士厘道 Ashley Road"",""amenity""=>""restaurant"",""cuisine""=>""korean"",""name:en""=>""Kok Kok Chicken"",""name:zh""=>""咯咯雞""",22.297208,114.170596,1,1
208,点,858,1465,5158972021,霸王川莊 Sichuan House, , , , , , , ,"addr:door=>""2501"",""addr:housename""=>""iSQUARE"",""addr:housename:en""=>""iSQUARE"",""addr:housename:zh""=>""iSQUARE"",""addr:housenumber""=>""63"",""addr:street""=>""彌敦道 Nathan Road"",""addr:street:en""=>""Nathan Road"",""addr:street:wikidata""=>""Q2188138"",""addr:street:",22.297213,114.171728,1,1
209,点,859,1034,4849863704,Bellisim, , , , , , , ,"addr:street=>""漢口道 Hankow Road"",""disused:shop""=>""clothes""",22.297214,114.171199,1,1
210,点,862,1810,6937454527,彩福皇宴 Choi Fook Royal Banquet, , , , , , , ,"addr:door=>""2601"",""addr:housename""=>""iSQUARE"",""addr:housename:en""=>""iSQUARE"",""addr:housename:zh""=>""iSQUARE"",""addr:housenumber""=>""63"",""addr:street""=>""彌敦道 Nathan Road"",""addr:street:en""=>""Nathan Road"",""addr:street:wikidata""=>""Q2188138"",""addr:street:",22.297221,114.171846,1,1
211,点,863,1869,7077478908, , , ,C2, , , , ,"door=>""no"",""entrance""=>""yes"",""gate""=>""yes"",""railway""=>""subway_entrance""",22.297224,114.172098,1,1
212,点,864,906,4848052043,英皇珠寶 Emperor, , , , , , , ,"addr:door=>""G05"",""addr:housename""=>""iSQUARE"",""addr:housename:en""=>""iSQUARE"",""addr:housename:zh""=>""iSQUARE"",""addr:housenumber""=>""63"",""addr:street""=>""彌敦道 Nathan Road"",""addr:street:en""=>""Nathan Road"",""addr:street:wikidata""=>""Q2188138"",""addr:street:z",22.297226,114.172002,1,1
213,点,865,2505,11397442569,彩薈軒 Joyous Gate, , , , , , , ,"addr:door=>""2502"",""addr:housename""=>""iSQUARE"",""addr:housename:en""=>""iSQUARE"",""addr:housename:zh""=>""iSQUARE"",""addr:housenumber""=>""63"",""addr:street""=>""彌敦道 Nathan Road"",""addr:street:en""=>""Nathan Road"",""addr:street:wikidata""=>""Q2188138"",""addr:street:",22.297233,114.171951,1,1
214,点,866,1427,4874615124,珍妮曲奇 Jenny Bakery, , , , , , , ,"addr:door=>""24"",""addr:housename""=>""美麗都大廈 Mirador Mansion"",""addr:housename:en""=>""Mirador Mansion"",""addr:housename:zh""=>""美麗都大廈"",""addr:street""=>""彌敦道 Nathan Road"",""addr:street:en""=>""Nathan Road"",""addr:street:zh""=>""彌敦道"",""bran",22.29724,114.172361,1,1
215,点,867,1463,5151262024,南海一號 Nanhai No.1, , ,一號 No.1, , , , ,"addr:door=>""3001;3101"",""addr:housename""=>""iSQUARE"",""addr:housename:en""=>""iSQUARE"",""addr:housename:zh""=>""iSQUARE"",""addr:housenumber""=>""63"",""addr:street""=>""彌敦道 Nathan Road"",""addr:street:en""=>""Nathan Road"",""addr:street:wikidata""=>""Q2188138"",""addr:st",22.297245,114.171839,1,1
216,点,868,1467,5172662735,eyebar, , , , , , , ,"addr:door=>""3001"",""addr:housename""=>""iSQUARE"",""addr:housename:en""=>""iSQUARE"",""addr:housename:zh""=>""iSQUARE"",""addr:housenumber""=>""63"",""addr:street""=>""彌敦道 Nathan Road"",""addr:street:en""=>""Nathan Road"",""addr:street:wikidata""=>""Q2188138"",""addr:street:",22.297254,114.1719,1,1
217,点,869,892,4848019839,六福珠寶 LukFook Jewellery, , , , , , , ,"addr:street=>""彌敦道 Nathan Road"",""brand""=>""六福珠寶 LukFook Jewellery"",""brand:en""=>""LukFook Jewellery"",""brand:wikidata""=>""Q10893397"",""brand:zh""=>""六福珠寶"",""brand:zh-Hans""=>""六福珠宝"",""brand:zh-Hant""=>""六福珠寶"",""name:en""=>""LukFook",22.297259,114.172365,1,1
218,点,877,724,4405710295,麥奀雲吞麵世家 Mak’s Noodle, , , , , , , ,"addr:housenumber=>""19"",""addr:street""=>""樂道 Lock Road"",""amenity""=>""restaurant"",""cuisine""=>""noodle"",""level""=>""0"",""name:en""=>""Mak's Noodle"",""name:zh""=>""麥奀雲吞麵世家""",22.29729,114.171488,1,1
219,点,879,779,4572563889, , , , , , , , ,"name:ko=>""기화병가"",""shop""=>""confectionery""",22.297294,114.172345,1,1
220,点,881,905,4848052042,英皇鐘錶珠寶 Emperor Watch and Jewellry, , , , , , , ,"addr:door=>""G06"",""addr:housename""=>""iSQUARE"",""addr:housename:en""=>""iSQUARE"",""addr:housename:zh""=>""iSQUARE"",""addr:housenumber""=>""63"",""addr:street""=>""彌敦道 Nathan Road"",""addr:street:en""=>""Nathan Road"",""addr:street:wikidata""=>""Q2188138"",""addr:street:z",22.297301,114.171964,1,1
221,点,883,1581,6309071634,iSQUARE, , ,R, , , , ,"addr:housename=>""國際廣場 iSQUARE"",""addr:housename:en""=>""iSQUARE"",""addr:housename:zh""=>""國際廣場"",""addr:housenumber""=>""63"",""addr:street""=>""彌敦道 Nathan Road"",""addr:street:en""=>""Nathan Road"",""addr:street:wikidata""=>""Q2188138"",""addr:street:zh",22.297308,114.172037,1,1
222,点,884,1036,4849863710,中國工商銀行（亞洲） ICBC (Asia), , , , , , , ,"addr:street=>""漢口道 Hankow Road"",""amenity""=>""bank"",""brand""=>""中國工商銀行"",""brand:en""=>""Industrial and Commercial Bank of China"",""brand:wikidata""=>""Q26463"",""brand:zh""=>""中國工商銀行"",""brand:zh-Hans""=>""中国工商银行"",""brand:zh-Hant""",22.297331,114.171192,1,1
223,点,887,1058,4849902143,炯記燒味 Gwing Kee Roasted, , , , , , , ,"addr:street=>""樂道 Lock Road"",""amenity""=>""restaurant"",""level""=>""0"",""name:en""=>""Gwing Kee Roasted"",""name:zh""=>""炯記燒味"",""opening_hours""=>""Mo-Su,PH 11:00-21:00""",22.297348,114.171484,1,1
224,点,889,1447,5095667323,Rahman Fashion, , , , , , , ,"name:zh=>""Rahman Fashion"",""shop""=>""clothes""",22.29735,114.172601,1,1
225,点,890,655,4227025589,珍妮曲奇 Jenny Bakery, , , , , , , ,"addr:door=>""42"",""addr:housename""=>""美麗都大廈 Mirador Mansion"",""addr:housename:en""=>""Mirador Mansion"",""addr:housename:zh""=>""美麗都大廈"",""addr:street""=>""彌敦道 Nathan Road"",""addr:street:en""=>""Nathan Road"",""addr:street:zh""=>""彌敦道"",""bran",22.297354,114.172485,1,1
226,点,891,904,4848052041,Alive Fitness, , , , , , , ,"addr:street=>""彌敦道 Nathan Road"",""leisure""=>""fitness_centre""",22.297366,114.171958,1,1
227,点,893,903,4848052040,Canon, , , , , , , ,"addr:street=>""彌敦道 Nathan Road"",""shop""=>""camera""",22.297369,114.171921,1,1
228,点,897,891,4848019838,Fanda, , , , , , , ,"addr:street=>""彌敦道 Nathan Road"",""amenity""=>""pharmacy"",""healthcare""=>""pharmacy""",22.297381,114.172356,1,1
229,点,905,2287,10880215929,牛品台式火鍋 Beef Bang Taiwanese Hot Pot, , , , , , , ,"addr:housenumber=>""32-34"",""addr:level""=>""1"",""addr:street""=>""樂道 Lock Road"",""amenity""=>""restaurant"",""cuisine""=>""chinese"",""name:en""=>""Beef Bang Taiwanese Hot Pot"",""name:zh""=>""牛品台式火鍋""",22.297411,114.171645,1,1
230,点,906,1053,4849902131,阿四快餐 Ah Say Fast Food, , , , , , , ,"addr:housenumber=>""21"",""addr:street""=>""樂道 Lock Road"",""amenity""=>""fast_food"",""cuisine""=>""chinese"",""level""=>""0"",""name:en""=>""Ah Say Fast Food"",""name:zh""=>""阿四快餐"",""opening_hours""=>""Mo-Su,PH 07:00-02:00"",""phone""=>""+852 23116882""",22.297422,114.171479,1,1
231,点,910,707,4375050021,尚至醫療 Virtus, , , , , , , ,"addr:housenumber=>""28"",""addr:street""=>""漢口道 Hankow Road"",""amenity""=>""clinic"",""healthcare""=>""clinic"",""name:en""=>""Virtus"",""name:zh""=>""尚至醫療"",""website""=>""https://virtusmedical.com""",22.29744,114.171184,1,1
232,点,911,2288,10880215930,春陽茶事 Chun Yang Tea, , , , , , , ,"addr:housenumber=>""32-34"",""addr:street""=>""樂道 Lock Road"",""name:en""=>""Chun Yang Tea"",""name:zh""=>""春陽茶事"",""shop""=>""beverages""",22.297445,114.171643,1,1
233,点,914,1442,5037252092,高球城 Super Golf, , , , , , , ,"name:en=>""Super Golf"",""name:zh""=>""高球城"",""shop""=>""golf""",22.297463,114.171183,1,1
234,点,917,811,4784310021, , , , , , , , ,"addr:street=>""亞士厘道 Ashley Road"",""amenity""=>""bar"",""internet_access""=>""wlan"",""name:en""=>""Taproom Local Craft Beer""",22.297474,114.1706,1,1
235,点,920,2289,10880215931,花斑茶社 A Boutea, , , , , , , ,"addr:housenumber=>""32-34"",""addr:street""=>""樂道 Lock Road"",""name:en""=>""A Boutea"",""name:zh""=>""花斑茶社"",""shop""=>""beverages""",22.297478,114.171641,1,1
236,点,921,1017,4849843762,逸壽司, , , , , , , ,"addr:street=>""亞士厘道 Ashley Road"",""amenity""=>""restaurant"",""cuisine""=>""sushi""",22.297481,114.170558,1,1
237,点,923,890,4848019837,卓悅 Bonjour, , , , , , , ,"addr:street=>""彌敦道 Nathan Road"",""brand""=>""卓悅 Bonjour"",""brand:en""=>""Bonjour"",""brand:wikidata""=>""Q10906081"",""brand:zh""=>""卓悅"",""name:en""=>""Bonjour"",""name:zh""=>""卓悅"",""shop""=>""cosmetics""",22.297487,114.172354,1,1
238,点,924,592,3914318602,7-Eleven, , , , , , , ,"addr:country=>""HK"",""brand""=>""7-Eleven"",""brand:wikidata""=>""Q259340"",""brand:wikipedia""=>""en:7-Eleven"",""name:en""=>""7-Eleven"",""name:zh""=>""7-11便利店"",""shop""=>""convenience"",""website""=>""https://www.7-eleven.com.hk/""",22.297497,114.172031,1,1
239,点,926,1037,4849863711,紳士翡翠 Suns Fei Cui Jade, , , , , , , ,"addr:street=>""漢口道 Hankow Road"",""name:en""=>""Suns Fei Cui Jade"",""name:zh""=>""紳士翡翠"",""shop""=>""jewelry""",22.297504,114.171179,1,1
240,点,928,2286,10880215928,FIT24 Fitness, , , , , , , ,"addr:housenumber=>""81"",""addr:street""=>""彌敦道 Nathan Road"",""leisure""=>""fitness_centre""",22.297511,114.171639,1,1
241,点,929,2276,10880215918,品味料理 V&B Cuisine, , , , , , , ,"addr:housenumber=>""21A"",""addr:street""=>""樂道 Lock Road"",""amenity""=>""restaurant"",""name:en""=>""V&B Cuisine"",""name:zh""=>""品味料理""",22.297514,114.171473,1,1
242,点,936,809,4780334822,Hungry Korean, , , , , , , ,"addr:street=>""亞士厘道 Ashley Road"",""amenity""=>""restaurant"",""cuisine""=>""korean"",""name:ko""=>""헝그리코리언""",22.297538,114.17055,1,1
243,点,937,1015,4849843760,Alchemy Beauty 艾卡美美容, , , , , , , ,"addr:street=>""漢口道 Hankow Road"",""level""=>""1"",""name:en""=>""Alchemy Beauty"",""name:zh""=>""艾卡美美容"",""shop""=>""beauty""",22.297541,114.170927,1,1
244,点,938,1016,4849843761,香港賽馬會 The Hong Kong Jockey Club, , , , , , , ,"addr:street=>""漢口道 Hankow Road"",""name:en""=>""The Hong Kong Jockey Club"",""name:zh""=>""香港賽馬會"",""operator""=>""香港賽馬會 The Hong Kong Jockey Club"",""operator:en""=>""The Hong Kong Jockey Club"",""operator:short""=>""HKJC"",""operator:wikidata""=>""Q",22.297544,114.170975,1,1
245,点,939,1047,4849887209,Istanbul Kebab, , , , , , , ,"addr:street=>""樂道 Lock Road"",""amenity""=>""restaurant"",""cuisine""=>""turkish""",22.297544,114.171636,1,1
246,点,940,2506,11397444269, , , , , , , , ,"amenity=>""restaurant""",22.297548,114.171833,1,1
247,点,941,1038,4849863712,和味 Wow Taste, , , , , , , ,"addr:street=>""漢口道 Hankow Road"",""amenity""=>""restaurant"",""name:en""=>""Wow Taste"",""name:zh""=>""和味""",22.297556,114.171182,1,1
248,点,942,889,4848019836,Genéve Watch Centre, , , , , , , ,"addr:street=>""彌敦道 Nathan Road"",""shop""=>""jewelry""",22.29756,114.172346,1,1
249,点,944,680,4275838689,澳門茶餐廳 Macau Restaurant, , , , , , , ,"addr:housenumber=>""25"",""addr:street""=>""樂道 Lock Road"",""amenity""=>""restaurant"",""name:en""=>""Macau Restaurant"",""name:zh""=>""澳門茶餐廳"",""phone""=>""85223668148""",22.297575,114.171634,1,1
250,点,947,2650,12728089901,Nón Cafe, , , , , , , ,"addr:housenumber=>""24-38"",""addr:street""=>""亞士厘道 Ashley Road"",""amenity""=>""cafe"",""contact:instagram""=>""noncafevn"",""cuisine""=>""vietnamese"",""internet_access""=>""wlan"",""opening_hours""=>""Mo-Th 08:00-20:00; Fr 08:00-21:00; Sa-Su 10:00-21:00""",22.29758,114.170543,1,1
251,点,949,2381,11139443097,海防道 Haiphong Road, ,bus_stop, , , , , ,"bus=>""yes"",""local_ref""=>""N4"",""name:en""=>""Haiphong Road"",""name:zh""=>""海防道"",""network""=>""KMB"",""network:wikidata""=>""Q312243"",""operator""=>""九巴 KMB"",""operator:en""=>""KMB"",""operator:wikidata""=>""Q312243"",""operator:zh""=>""九巴"",""owner""=>""九巴 KMB"",""ow",22.297583,114.172048,1,1
252,点,950,1443,5057028187,海防道 Haiphong Road, , , , , , , ,"bus=>""yes"",""name:en""=>""Haiphong Road"",""name:zh""=>""海防道"",""public_transport""=>""stop_position""",22.297587,114.172126,1,1
253,点,953,1052,4849902129,星林居雲南米線餐廳 Sing Lum Khui Sour & Spicy Rice Noodle Restaurant, , , , , , , ,"addr:street=>""樂道 Lock Road"",""amenity""=>""restaurant"",""name:en""=>""Sing Lum Khui Sour & Spicy Rice Noodle Restaurant"",""name:ko""=>""성림거"",""name:zh""=>""星林居雲南米線餐廳""",22.297602,114.171467,1,1
254,点,954,306,2594875206,咖啡弄 Coffee Alley, , , , , , , ,"addr:city=>""尖沙咀 Tsim Sha Tsui"",""addr:housename""=>""漢興大廈"",""addr:housenumber""=>""38-40"",""addr:street""=>""漢口道 Hankow Road"",""amenity""=>""cafe"",""branch""=>""尖沙咀店 Tsim Sha Tsui Branch"",""branch:en""=>""Tsim Sha Tsui Branch"",""branch:zh""=>""九",22.297609,114.171167,1,1
255,点,955,2326,11036896466,海防道 Haiphong Road, ,bus_stop, , , , , ,"bus=>""yes"",""name:en""=>""Haiphong Road"",""name:zh""=>""海防道"",""network""=>""CTB;Cityflyer"",""network:wikidata""=>""Q5124055;Q5124066"",""operator""=>""城巴 Citybus"",""operator:en""=>""Citybus"",""operator:wikidata""=>""Q5124055"",""operator:zh""=>""城巴"",""owner""=>""城""",22.29761,114.172046,1,1
256,点,956,2325,11036896465,海防道 Haiphong Road, , , , , , , ,"bus=>""yes"",""name:en""=>""Haiphong Road"",""name:zh""=>""海防道"",""public_transport""=>""stop_position""",22.297614,114.172124,1,1
257,点,958,1046,4849887207,將軍攝影器材公司 Shogun Camera Company, , , , , , , ,"addr:housenumber=>""42"",""addr:street""=>""樂道 Lock Road"",""name:en""=>""Shogun Camera Company"",""name:zh""=>""將軍攝影器材公司"",""shop""=>""camera""",22.297622,114.171631,1,1
258,点,960,297,2512209257,海防道 Haiphong Road, ,bus_stop, , , , , ,"bus=>""yes"",""local_ref""=>""N5"",""name:en""=>""Haiphong Road"",""name:zh""=>""海防道"",""network""=>""KMB"",""network:wikidata""=>""Q312243"",""operator""=>""九巴 KMB"",""operator:en""=>""KMB"",""operator:wikidata""=>""Q312243"",""operator:zh""=>""九巴"",""owner""=>""九巴 KMB"",""ow",22.297637,114.172045,1,1
259,点,961,309,2604586675,加拿分道 Carnarvon Road, , ,D1, , , , ,"name:en=>""Carnarvon Road"",""name:zh""=>""加拿分道"",""railway""=>""subway_entrance""",22.297638,114.17234,1,1
260,点,962,2378,11139443094,海防道 Haiphong Road, , , , , , , ,"bus=>""yes"",""name:en""=>""Haiphong Road"",""name:zh""=>""海防道"",""public_transport""=>""stop_position""",22.297641,114.172122,1,1
261,点,963,1573,6250303442, , ,crossing, , , , , ,"crossing=>""uncontrolled""",22.297642,114.172277,1,1
262,点,966,1039,4849863713,Satami, , , , , , , ,"addr:street=>""漢口道 Hankow Road"",""shop""=>""clothes""",22.29766,114.17116,1,1
263,点,973,2277,10880215919,利棧, , , , , , , ,"addr:housenumber=>""23A"",""addr:street""=>""樂道 Lock Road"",""amenity""=>""restaurant"",""name:zh""=>""利棧""",22.297686,114.171461,1,1
264,点,974,2439,11250049615, , , , , , , , ,"addr:housenumber=>""36-50"",""addr:street""=>""樂道 Lock Road""",22.297689,114.171602,1,1
265,点,975,1045,4849887205,瑞安工藝 Shui On Arts & Crafts, , , , , , , ,"addr:housenumber=>""46"",""addr:street""=>""樂道 Lock Road"",""name:en""=>""Shui On Arts & Crafts"",""name:zh""=>""瑞安工藝"",""shop""=>""craft"",""website""=>""http://www.shuion-arts.com/""",22.297699,114.171626,1,1
266,点,977,1040,4849863714,Golf Island, , , , , , , ,"addr:street=>""漢口道 Hankow Road"",""shop""=>""golf""",22.297707,114.17116,1,1
267,点,978,2440,11250049616, , , , , , , , ,"addr:housenumber=>""83-97"",""addr:street""=>""彌敦道 Nathan Road""",22.297716,114.172009,1,1
268,点,981,113,1649048045, , , , , , , , ,"noexit=>""yes""",22.297722,114.170442,1,1
269,点,983,2303,10880216062,Asok Thai Garden, , , , , , , ,"amenity=>""restaurant"",""cuisine""=>""thai""",22.297724,114.170363,1,1
270,点,984,2376,11121537538,Milu Thai มิลู่ไทย, , , , , , , ,"addr:city=>""尖沙咀 Tsim Sha Tsui"",""addr:housenumber""=>""24-38, 4/F"",""addr:province""=>""Hong Kong"",""addr:street""=>""亞士厘道 Ashley Road"",""amenity""=>""restaurant"",""cuisine""=>""thai"",""phone""=>""+852 9775 3397""",22.297725,114.170549,1,1
271,点,985,1041,4849863715,Harry Lee & Company, , , , , , , ,"addr:street=>""漢口道 Hankow Road"",""name:en""=>""Harry Lee & Company"",""shop""=>""jewelry""",22.297726,114.171163,1,1
272,点,995,1051,4849902123,影舞者 Imagine, , , , , , , ,"addr:street=>""樂道 Lock Road"",""amenity""=>""restaurant"",""cuisine""=>""thai"",""name:en""=>""Imagine"",""name:zh""=>""影舞者""",22.297756,114.171456,1,1
273,点,996,2272,10880215910,何富記麵家, , , , , , , ,"addr:housenumber=>""42"",""addr:street""=>""漢口道 Hankow Road"",""amenity""=>""restaurant"",""cuisine""=>""noodle""",22.29776,114.171161,1,1
274,点,998,617,4069795312,大新銀行 Dah Sing Bank, , , , , , , ,"amenity=>""bank"",""atm""=>""yes"",""brand""=>""大新銀行 Dah Sing Bank"",""brand:en""=>""Dah Sing Bank"",""brand:wikidata""=>""Q5208707"",""brand:wikipedia""=>""en:Dah Sing Bank"",""brand:zh""=>""大新銀行"",""brand:zh-Hans""=>""大新银行"",""brand:zh-Hant""=>""大新銀行""",22.297767,114.172594,1,1
275,点,1000,888,4848019835,Wonderland, , , , , , , ,"addr:street=>""彌敦道 Nathan Road"",""shop""=>""jewelry""",22.297771,114.172326,1,1
276,点,1002,730,4416615094,祥興記上海生煎包 Cheung Hing Kee Shanghai Pan-fried Buns, , , , , , , ,"addr:housenumber=>""48"",""addr:street""=>""樂道 Lock Road"",""amenity""=>""fast_food"",""name:en""=>""Cheung Hing Kee Shanghai Pan-fried Buns"",""name:zh""=>""祥興記上海生煎包"",""takeaway""=>""only""",22.297777,114.171621,1,1
277,点,1007,2380,11139443096,海防道 Haiphong Road, ,bus_stop, , , , , ,"bus=>""yes"",""local_ref""=>""N6"",""name:en""=>""Haiphong Road"",""name:zh""=>""海防道"",""network""=>""KMB"",""network:wikidata""=>""Q312243"",""operator""=>""九巴 KMB"",""operator:en""=>""KMB"",""operator:wikidata""=>""Q312243"",""operator:zh""=>""九巴"",""owner""=>""九巴 KMB"",""ow",22.297798,114.172034,1,1
278,点,1009,2379,11139443095,海防道 Haiphong Road, , , , , , , ,"bus=>""yes"",""name:en""=>""Haiphong Road"",""name:zh""=>""海防道"",""public_transport""=>""stop_position""",22.297802,114.172111,1,1
279,点,1010,2285,10880215927,九龍餐室 Kowloon Restaurant, , , , , , , ,"amenity=>""restaurant"",""cuisine""=>""chinese"",""name:en""=>""Kowloon Restaurant"",""name:zh""=>""九龍餐室""",22.297814,114.171453,1,1
280,点,1012,887,4848019834,Fanda, , , , , , , ,"addr:street=>""彌敦道 Nathan Road"",""amenity""=>""pharmacy"",""healthcare""=>""pharmacy""",22.297825,114.172328,1,1
281,点,1014,1044,4849887203,香港小熊 Little Bear, , , , , , , ,"addr:street=>""樂道 Lock Road"",""name:en""=>""Little Bear"",""name:zh""=>""香港小熊"",""shop""=>""pastry""",22.297839,114.171616,1,1
282,点,1016,2273,10880215911,Bakehouse, , , , , , , ,"addr:housenumber=>""44"",""addr:street""=>""漢口道 Hankow Road"",""name:en""=>""Bakehouse"",""shop""=>""bakery""",22.297859,114.171154,1,1
283,点,1017,1042,4849863721,Johnson & Co, , , , , , , ,"addr:housenumber=>""42-44"",""addr:level""=>""1"",""addr:street""=>""漢口道 Hankow Road"",""name:zh""=>""Johnson & Co"",""shop""=>""jewelry""",22.297862,114.171203,1,1
284,点,1019,658,4264449398,德發牛丸粉麵 Tak Fat Beef Ball, , , , , , , ,"addr:housenumber=>""390"",""addr:street""=>""Haiphong Road"",""amenity""=>""restaurant"",""name:en""=>""Tak Fat Beef Ball"",""name:zh""=>""德發牛丸粉麵""",22.297875,114.170078,1,1
285,点,1020,886,4848019833,渣打銀行 Standard Chartered, , , , , , , ,"addr:street=>""彌敦道 Nathan Road"",""amenity""=>""bank"",""brand""=>""渣打銀行 Standard Chartered"",""brand:en""=>""Standard Chartered"",""brand:wikidata""=>""Q548278"",""brand:wikipedia""=>""en:Standard Chartered"",""brand:zh""=>""渣打銀行"",""brand:zh-Hans""=>""渣t""",22.297879,114.17233,1,1
286,点,1021,2304,10880216063,Showroom Luxury, , , , , , , ,"addr:housenumber=>""51"",""addr:street""=>""漢口道 Hankow Road"",""shop""=>""bag""",22.297884,114.17095,1,1
287,点,1024,606,4066472130,Pearl Harbour Guesthouse, , , , , , , ,"guest_house=>""guest_house"",""level""=>""11"",""tourism""=>""hostel""",22.297888,114.172439,1,1
288,点,1026,664,4275445189, , , ,28, , , , ,"amenity=>""post_box"",""collection_times""=>""Mo-Fr 17:00;Sa 16:30;PH off"",""drive_through""=>""no"",""operator""=>""香港郵政 Hongkong Post"",""operator:en""=>""Hongkong Post"",""operator:wikidata""=>""Q196631"",""operator:wikipedia""=>""zh:香港郵政"",""operator:zh""=>""2",22.297892,114.172058,1,1
289,点,1037,135,1986786259,Golden Crown Guesthouse, , , , , , , ,"guest_house=>""guest_house"",""level""=>""5"",""tourism""=>""hostel""",22.297921,114.172433,1,1
290,点,1038,676,4275696596,池記 Chee Kei, , , , , , , ,"addr:housenumber=>""37"",""addr:street""=>""樂道 Lock Road"",""amenity""=>""restaurant"",""cuisine""=>""chinese"",""name:en""=>""Chee Kei"",""name:zh""=>""池記""",22.297925,114.17161,1,1
291,点,1040,2305,10880216064,凱施餅店 Hoixe Cake Shop, , , , , , , ,"addr:housenumber=>""3"",""addr:street""=>""漢口道 Hankow Road"",""disused:shop""=>""bakery"",""name:en""=>""Hoixe Cake Shop"",""name:zh""=>""凱施餅店""",22.297933,114.170946,1,1
292,点,1043,654,4221323099,蘋果旅館 Apple Inn Hostel, , , , , , , ,"addr:city=>""Tsim Sha Tsui"",""addr:housenumber""=>""101"",""addr:level""=>""11"",""addr:street""=>""彌敦道 Nathan Road"",""addr:unit""=>""1103"",""email""=>""info@apple-inn.com"",""name:en""=>""Apple Inn Hostel"",""name:zh""=>""蘋果旅館"",""tourism""=>""hostel""",22.297942,114.171909,1,1
293,点,1044,1684,6384079277, , ,traffic_signals, , , , , ,"crossing=>""separate"",""traffic_signals""=>""signal""",22.297945,114.172101,1,1
294,点,1045,1104,4850175335,莎莎 Sasa, , , , , , , ,"addr:level=>""1-2"",""addr:street""=>""亞士厘道 Ashley Road"",""brand""=>""莎莎 Sasa"",""brand:en""=>""Sasa"",""brand:wikidata""=>""Q15910675"",""brand:wikipedia""=>""zh:莎莎國際"",""brand:zh""=>""莎莎"",""name:en""=>""Sasa"",""name:zh""=>""莎莎"",""shop""=>""cosmetics""",22.297945,114.170472,1,1
295,点,1046,2290,10880215932,HANNAH, , , , , , , ,"name:en=>""HANNAH"",""shop""=>""bag""",22.297945,114.171969,1,1
296,点,1050,610,4066472134, , , , , , , , ,"level=>""0"",""shop""=>""laundry""",22.29795,114.172435,1,1
297,点,1052,885,4848019832,卓悅 Bonjour, , , , , , , ,"addr:street=>""彌敦道 Nathan Road"",""brand""=>""卓悅 Bonjour"",""brand:en""=>""Bonjour"",""brand:wikidata""=>""Q10906081"",""brand:zh""=>""卓悅"",""name:en""=>""Bonjour"",""name:zh""=>""卓悅"",""shop""=>""cosmetics""",22.297956,114.172325,1,1
298,点,1059,1018,4849843766,寶中寶石行 Quality Gems Co., , , , , , , ,"addr:housenumber=>""55"",""addr:street""=>""漢口道 Hankow Road"",""name:en""=>""Quality Gems Co."",""name:zh""=>""寶中寶石行"",""shop""=>""jewelry""",22.297972,114.170943,1,1
299,点,1061,629,4109201890,尖沙咀站 Tsim Sha Tsui Station, ,bus_stop, , , , , ,"name:en=>""Tsim Sha Tsui Station"",""name:zh""=>""尖沙咀站"",""public_transport""=>""platform""",22.297977,114.172239,1,1
300,点,1062,2275,10880215913,OK便利店 Circle K, , , , , , , ,"name:en=>""Circle K"",""name:zh""=>""OK便利店"",""shop""=>""convenience""",22.297978,114.170245,1,1
301,点,1063,1103,4850175330,萬寧 Mannings, , , , , , , ,"addr:street=>""海防道 Haiphong Road"",""amenity""=>""pharmacy"",""brand""=>""萬寧 Mannings"",""brand:en""=>""Mannings"",""brand:wikidata""=>""Q13646560"",""brand:wikipedia""=>""zh:萬寧 (零售商)"",""brand:zh""=>""萬寧"",""brand:zh-Hans""=>""万宁"",""brand:zh-Hant""=>""萬",22.297983,114.170333,1,1
302,点,1065,607,4066472131,香港彩虹旅館 Rainbow Lodge Hong Kong, , , , , , , ,"addr:city=>""尖沙咀 Tsim Sha Tsui"",""addr:housenumber""=>""99-101"",""addr:level""=>""5"",""addr:street""=>""彌敦道 Nathan Road"",""addr:unit""=>""501"",""internet_access""=>""wlan"",""internet_access:fee""=>""yes"",""level""=>""5"",""name:en""=>""Rainbow Lodge Hong Kong"",""name",22.297985,114.171906,1,1
303,点,1067,1105,4850175336,金湖粉麵茶餐廳 Gold Lake Noodle Restaurant, , , , , , , ,"addr:street=>""海防道 Haiphong Road"",""amenity""=>""restaurant"",""name:en""=>""Gold Lake Noodle Restaurant"",""name:zh""=>""金湖粉麵茶餐廳""",22.297987,114.170415,1,1
304,点,1069,1106,4850175337,美珍香 Bee Cheng Hiang, , , , , , , ,"addr:street=>""亞士厘道 Ashley Road"",""name:en""=>""Bee Cheng Hiang"",""name:ko""=>""비첸향(비쳰향)"",""name:zh""=>""美珍香"",""shop""=>""food""",22.297989,114.170451,1,1
305,点,1072,2274,10880215912,Hello Milk Tee, , , , , , , ,"addr:housenumber=>""38-40"",""addr:street""=>""海防道 Haiphong Road"",""shop""=>""clothes""",22.297999,114.170624,1,1
306,点,1074,1107,4850175339,達陞有限公司 Henderson & Co. Ltd., , , , , , , ,"addr:street=>""海防道 Haiphong Road"",""name:en""=>""Henderson & Co. Ltd."",""name:zh""=>""達陞有限公司"",""office""=>""company""",22.298005,114.170728,1,1
307,点,1078,1519,5740761653, , ,crossing, , , , , ,"crossing=>""traffic_signals""",22.29801,114.172097,1,1
308,点,1080,1682,6384079270, , ,crossing, , , , , ,"crossing=>""traffic_signals""",22.298015,114.172179,1,1
309,点,1082,1019,4849845297,名人站 VIP Station, , , , , , , ,"addr:housenumber=>""57"",""addr:street""=>""漢口道 Hankow Road"",""name:en""=>""VIP Station"",""name:zh""=>""名人站"",""shop""=>""jewelry""",22.29802,114.17094,1,1
310,点,1084,2298,10880215992,麥蛋糕 M.cake, , , , , , , ,"addr:housenumber=>""45"",""addr:street""=>""海防道 Haiphong Road"",""name:en""=>""M.cake"",""name:zh""=>""麥蛋糕"",""shop""=>""bakery""",22.298026,114.171115,1,1
311,点,1085,2297,10880215991,Oxyair Mask, , , , , , , ,"addr:housenumber=>""46"",""addr:street""=>""海防道 Haiphong Road"",""shop""=>""chemist""",22.298029,114.171161,1,1
312,点,1086,706,4375047986,休閑小窩 Urban Pack Hostel, , , , , , , ,"addr:housenumber=>""53-55"",""addr:level""=>""14"",""addr:street""=>""海防道 Haiphong Road"",""email""=>""reception@urban-pack.com"",""name:en""=>""Urban Pack Hostel"",""name:zh""=>""休閑小窩"",""phone""=>""+852 2732 2271"",""tourism""=>""hostel"",""website""=>""http://urban-pa",22.298029,114.171903,1,1
313,点,1088,2296,10880215990,7-Eleven, , , , , , , ,"addr:country=>""HK"",""addr:housenumber""=>""47"",""addr:street""=>""海防道 Haiphong Road"",""brand""=>""7-Eleven"",""brand:wikidata""=>""Q259340"",""name:en""=>""7-Eleven"",""name:zh""=>""7-11便利店"",""shop""=>""convenience"",""website""=>""https://www.7-eleven.com.hk/""",22.298031,114.171207,1,1
314,点,1089,1050,4849898517,Staccato, , , , , , , ,"addr:housenumber=>""48"",""addr:street""=>""海防道 Haiphong Road"",""name:en""=>""Staccato"",""shop""=>""shoes""",22.298034,114.171253,1,1
315,点,1091,2295,10880215989,太子珠寶鐘錶 Prince Jewellery & Watch, , , , , , , ,"addr:housenumber=>""49-50"",""addr:street""=>""海防道 Haiphong Road"",""name:en""=>""Prince Jewellery & Watch"",""name:zh""=>""太子珠寶鐘錶"",""shop""=>""watches""",22.298038,114.171323,1,1
316,点,1092,2294,10880215988,米蘭站 Milan Station, , , , , , , ,"addr:housenumber=>""51-52"",""addr:street""=>""海防道 Haiphong Road"",""name:en""=>""Milan Station"",""name:zh""=>""米蘭站"",""shop""=>""bag""",22.298043,114.171415,1,1
317,点,1097,1043,4849887201,Tissot, , , , , , , ,"addr:housenumber=>""53-55"",""addr:street""=>""海防道 Haiphong Road"",""brand""=>""Tissot"",""brand:wikidata""=>""Q659530"",""name:en""=>""Tissot"",""shop""=>""watches""",22.298054,114.171602,1,1
318,点,1100,2292,10880215934,維特健靈 Vita Green, , , , , , , ,"name:en=>""Vita Green"",""name:zh""=>""維特健靈"",""shop""=>""nutrition_supplements""",22.298061,114.171721,1,1
319,点,1104,1108,4850175341,The Body Shop, , , , , , , ,"addr:street=>""海防道 Haiphong Road"",""brand""=>""The Body Shop"",""brand:wikidata""=>""Q837851"",""brand:wikipedia""=>""en:The Body Shop"",""shop""=>""cosmetics""",22.298065,114.171781,1,1
320,点,1105,2035,9394995380, , ,crossing, , , , , ,"crossing=>""uncontrolled""",22.298067,114.171041,1,1
321,点,1107,2291,10880215933,皇玥 Imperial Patisserie, , , , , , , ,"addr:street=>""海防道 Haiphong Road"",""name:en""=>""Imperial Patisserie"",""name:zh""=>""皇玥"",""shop""=>""pastry""",22.298068,114.171841,1,1
322,点,1109,1109,4850175343,名人站 VIP Station, , , , , , , ,"addr:street=>""海防道 Haiphong Road"",""name:en""=>""VIP Station"",""name:zh""=>""名人站"",""shop""=>""jewelry""",22.298072,114.1719,1,1
323,点,1111,902,4848052039,六福珠寶 Lukfook Jewellery, , , , , , , ,"addr:street=>""彌敦道 Nathan Road"",""brand""=>""六福珠寶 Lukfook Jewellery"",""brand:en""=>""Lukfook Jewellery"",""brand:wikidata""=>""Q10893397"",""brand:wikipedia""=>""en:Lukfook"",""brand:zh""=>""六福珠寶"",""brand:zh-Hans""=>""六福珠宝"",""brand:zh-Hant""=>""zh",22.298075,114.17196,1,1
324,点,1114,602,4064684468,花旗銀行 Citibank, , , , , , , ,"amenity=>""bank"",""atm""=>""yes"",""brand""=>""花旗銀行 Citibank"",""brand:en""=>""Citibank"",""brand:wikidata""=>""Q857063"",""brand:wikipedia""=>""en:Citibank"",""brand:zh""=>""花旗銀行"",""brand:zh-Hans""=>""花旗银行"",""brand:zh-Hant""=>""花旗銀行"",""level""=>""0"",""n",22.298085,114.172298,1,1
325,点,1116,1110,4850175344,南洋商業銀行 NCB, , , , , , , ,"addr:street=>""堪富利士道 Humphreys Avenue"",""amenity""=>""bank"",""brand""=>""南洋商業銀行 Nanyang Commercial Bank"",""brand:en""=>""Nanyang Commercial Bank"",""brand:wikidata""=>""Q3335816"",""brand:wikipedia""=>""zh:南洋商業銀行"",""brand:zh""=>""南洋商",22.298089,114.172477,1,1
326,点,1117,2034,9382771559, , ,crossing, , , , , ,"crossing=>""uncontrolled""",22.298094,114.171516,1,1
327,点,1118,611,4066472135, , , , , , , , ,"amenity=>""recycling"",""recycling_type""=>""container""",22.298102,114.171671,1,1
328,点,1119,2,33476552, , ,traffic_signals, , , , , ,"traffic_signals=>""signal""",22.29811,114.171038,1,1
329,点,1121,1748,6705233342, , ,traffic_signals,K377, , , , , ,22.298114,114.171051,1,1
330,点,1126,1773,6705233698, , ,traffic_signals,K003, , , , , ,22.298141,114.172109,1,1
331,点,1127,1547,5983133401, , ,crossing, , , , , ,"crossing=>""traffic_signals""",22.298144,114.172253,1,1
332,点,1131,1681,6384079267, , ,traffic_signals, , , , , ,"crossing=>""separate"",""traffic_signals""=>""signal""",22.298156,114.171967,1,1
333,点,1133,1680,6384079266, , ,crossing, , , , , ,"crossing=>""traffic_signals""",22.298159,114.171999,1,1
